user_guid,first_name,last_name,total_spend,time_on_site
000dacc0-ea6a-4c03-ac3a-9adaa6a9459e,mcdlwvtxa,ggc,183332.2,1330200
001c8910-aa86-4e50-b4f5-f267d9cd852e,vfkgqvsmgk,gge,1770646.8,10445864
00271e23-2680-4b12-8d44-925759b9bd54,rcoxakthg,ywnmxbivt,16198.38,44939
005461ed-d353-4a86-9a64-905024c4a548,axxbbsbzkg,cbarslx,281037.57,1516257
0060295e-6bea-4888-87e9-da73d4b535b7,cewo,kbpt,2592274.3,14528910
010237ae-39cd-4464-952a-411f0f4c2c76,mxyo,btnvvy,1678553.84,9268336
02260005-396a-47ea-89b6-a247ab4340e6,hchhgc,ppvhk,155435.24,976224
02c3eb3a-4ee0-42c8-98a9-006739ae9fc9,sbloxzl,ogv,241325.76,1388636
02eead85-e2fa-4e86-b05d-9c29e856fecc,uawupdubs,rngekjbjaa,6088.65,36981
033adff1-b1a3-49b7-8f48-9fe1ce06e8dd,mlmfn,oixnpobmh,990754.73,6141212
03adf550-9606-4a44-8456-844918673ca6,yzxb,hfmephq,1992789.14,11984154
03b2e6fe-a4a6-4aee-8735-1771650c1f40,epdlyqxw,sdinyshta,794677.56,5384231
03e84c0d-3dd2-4ccb-aefe-ecaa73a33edc,jpcdbckw,kxssly,622492.4,3628260
03ec75af-796e-4b97-b9d3-e27575113e46,nzjg,drqthzhj,287610.95,1626735
0487dd64-b5c7-437d-ae2b-87b868f9bb25,glwrwr,kygboieaq,260157.69,1417077
0504bbf4-e103-476b-ab51-3ee71f28a4a2,kdjlhgzbs,penr,2011307.6,9928170
053dc3fc-67e5-49a9-b712-39ec2cbfcda6,qcjbn,zkzfq,1503981.91,8344417
05b08982-4608-4b35-a4ce-34a91fea410c,idtziz,whgrr,865929.76,4512936
05c74c55-88df-4a06-9c75-e03d85a47131,fyscvo,apo,56915.34,292964
07089efa-03ad-4390-a1df-05b26f2e5a4a,asbqkb,knznxvyhkv,578014.45,3843455
073756ad-18b3-429d-acd0-1096a43e62d0,iojbiht,wdirsj,2379518.01,13381823
075b431b-db93-416f-9e45-f4c8cf656d92,kpwtsrymgh,xmtpvsgyi,463938.0,2912760
076b7300-53e0-4f43-be20-43d30ee0be38,munlzdyrk,ttjqrunp,2097931.36,11398948
078badcb-3d4f-4802-9ffd-3e8e64085b94,qbewfik,tvifl,396949.79,2168396
08b2bab9-a381-4d6e-b661-89a195ad5144,eufvylbmvw,qscivwruep,1283169.36,6987276
08bd07f4-5274-454e-ab26-90607d751bd1,vqapwasg,izesof,724374.0,4008500
08e54e78-50d3-4af8-a6a4-1a00f6c76aed,tfyvbjs,ikky,281058.96,1561416
092caaa0-c6d9-4f53-88b7-b94e81c54266,hvtzzaknv,gwrjwnclh,22351.34,166092
099d9e23-1f40-44d0-b63b-33a5d054bd32,weeawwaln,bwaweiw,734262.12,4944674
0a6a51f8-4c98-46a8-8cbd-c6d482b7b797,phrm,ghl,1197121.95,7258410
0a9a1ce2-9c86-40df-8718-c1e4d3a74925,cvyqh,bmpmvfdw,7206.3,45860
0aa9a90d-155a-460a-a3b8-8b1b0626c276,ukcfjehp,ves,1290559.82,6946632
0b6efb58-8f3d-46f8-8aae-9d8ea9ecb17a,saq,qaj,56089.44,333080
0b897580-f98f-447f-94ce-a2985b34ffd0,fsos,aecc,351098.88,2468016
0bf20255-6ba4-44de-b282-028c02b315fb,suhyber,cpjb,78718.23,415667
0c00f166-1a50-4568-a2a9-14eab3242f21,asam,edwbndygoz,425572.45,2054865
0c111d4e-8aee-4215-9a72-f2a5b86d054c,qwquqtis,rnclcigrga,0,120239
0f026172-8354-4eeb-9ae8-8dceac5c326f,bgn,pikpka,2979992.96,17238450
0f909101-a689-421e-990a-c2bc127e053d,krow,czpytvxfwo,269447.75,1644545
0fdf5097-4a2a-4900-b601-c68071b53c3a,lxce,pjitfv,737998.8,3834880
10915d80-4d60-47ce-942b-cfd1de05f82e,hidhfhn,jsidumq,281707.2,1376760
109701cc-0105-498d-910e-39120c7f0764,yxd,edqhb,1817285.04,10517082
1115e74e-de23-48ac-9613-fe90b0535106,nfiurss,pjyji,516093.24,3049002
111b9f22-92ec-4131-9118-5aabc2628d68,msrwp,feqaqzv,39942.86,254352
1138291f-07ed-456a-822e-150a0b0ac155,dfypsjz,jail,106534.8,702520
11471d36-af42-4374-9ec0-b265cbb6b769,nbhtfha,arbwd,1921784.13,11428726
117292e5-ecdd-42d1-8ab2-09405db1e695,yajzcrmr,olch,2079599.73,12151519
1269bf4c-ba27-4787-b6be-a182e325c5f7,xop,xwcj,504104.0,2707776
13532c52-a3df-43a6-975c-7d04f894f167,zrfnfuag,yhtygous,323427.68,1773156
13bbe58e-6b53-4f0b-a88e-646972fe63b5,njh,ccilgj,96267.15,611065
14e9bf3e-e457-4d39-8d40-5ba854848d73,oxpdpzw,npuezdoiyb,3275865.72,17055584
150a50bd-e5be-423f-ad2b-b9e959eead69,crvoamu,eqjc,2164262.8,13168620
15c196d3-6ac1-42b7-95c9-721a44d15b8e,jvk,tha,948862.25,5206884
15c5d270-6582-496d-8817-1fb9211b2e1e,ksnd,kyov,4521747.96,27207297
15e4131d-dfec-44a4-af09-685ffdb0f44c,idqy,knwprrnfmy,736529.56,5371272
161a5a5f-5f59-4439-a9ea-87748f720898,ypkkf,gcg,96540.9,532920
162e9d47-b198-491c-a0c8-883dfa7d2ec1,gfh,vmv,1341296.4,7377510
16b6414c-7e3b-4733-821e-f5bbbda6069b,eulomgfuj,cmz,141531.97,617556
16ea4693-e1cf-460f-86cf-864e79f634d7,gqaakxl,lsmfh,836442.55,4616166
17db7aaf-ad34-4844-a58c-c37e1947fbee,rkx,tuqonr,2310244.75,13948720
17f7d2f3-8874-4035-9b6e-0f5a2bc67ac9,quayjozcf,mlnqbt,2043662.04,12305072
18b6ce67-aa6a-43cc-8beb-b9f3627744f1,aude,kpbv,493893.18,2693700
194afb8a-fc69-46c2-afcc-a3f4a9f2f426,zrk,tmftxb,628350.26,3497943
1a8957d0-8e64-44a4-ac61-e2fa7f2afd0d,uukirlyp,dhynyuqu,1193675.34,7006932
1b4e25c6-61c5-491a-a870-3afeb03f095d,qigiowl,gdvnoja,945259.5,4997950
1b50a5a6-5679-4304-9285-4f1d20e5b2d4,hqnctmv,upen,336577.3,2148640
1b91d407-9d25-405f-a6a5-ad65aa1455f7,tdadtz,wnppvz,2058783.48,12680644
1b9da9c8-c73d-4e46-a18e-7aeba88d4410,pobcaerij,rxlsrjrc,2562361.23,14261052
1bc28e56-3ffc-4ec0-912b-65e880797164,vyfklvdl,iqtirv,872877.33,5539737
1bc2f995-4e26-406a-870f-cd4f8df25dc9,ctkyipmjg,vdxdk,249552.0,1463500
1daecf06-cca0-43bc-b9a6-ccbfe2b7c4a5,qrjr,bqjcaf,4410773.85,24350760
1e003614-0011-419b-ab2a-7b8f2bf38a98,rcjgqtgw,qhlz,23951.48,135684
1e7282df-ed78-42d6-a5ab-78a0db8fb451,ififw,mdpfz,249039.08,1447200
1ef0954a-f69a-4243-9ee7-ebe73f7cc6cb,ykfwwuyiox,fxycmcxh,95757.28,415472
1f93f251-8f7e-4571-b652-516de325e984,hqghfk,jxpb,866047.89,4822538
2151b4bd-c743-4e88-99e2-c8a488063497,bmazf,otnwqsxp,418702.35,2498990
215f4f6f-e0ae-4fa6-be85-61506dd96677,fmveukuepo,hla,98397.75,600645
21b78356-ebd7-4d67-a25a-17db36f356ea,ukz,gjspj,2781679.75,15567875
23790fcd-d2dd-435d-a535-ae6c920ee808,oboscxpva,pcraiugwjv,2684458.92,15403052
239f4617-bb9f-4dad-a725-1413ea7e6a11,jdpsotlh,jwdu,2226854.0,12487900
241e5be7-3adb-4e96-8403-7bfff72ba351,emyvkxcgn,gjyxgea,8050.5,46000
249a3b10-1e5a-4560-bf79-1be6a341120e,jxyqjurfms,bxturatlr,1387759.2,7790880
25b200bc-8243-46b7-9252-9bef7f0a74f5,bojc,kiw,158509.44,1052384
25cdd835-0396-4070-85f8-4005aae3b75d,cmshycr,eiym,1109507.92,5849204
26678a81-e213-49f2-a9f7-4b201d6d6b53,gsfhsaq,ubhf,0,153830
26711feb-d30e-494b-a1a7-a4d17b8c4006,uwtqloyj,lfnwapiyfs,1515126.6,8353170
26ee9b5e-5ce9-4fc8-955a-2e2d6bc0ac18,qjsxemi,lhrg,2893643.38,17030988
2750d12d-0b21-4da4-831b-f14907e607c7,ddu,voae,1129559.76,6437088
278dd07c-be35-4ec5-95b2-bf5944a12154,pqmoaoxkxb,gmvgcdd,330692.05,1947015
27aae760-86b9-423f-8561-7149347177fa,nmq,fia,76986.03,515620
28607a3e-a611-4b76-9ac2-c9a0bacdeeab,knyjt,lvtrltttws,327586.61,1566032
28e2d917-1adf-454a-bd1d-43f306083a3a,npogl,adc,326303.78,1893199
29a84bcc-932c-4c2f-8bd3-9c9a63259066,klth,balxdklbcq,273136.45,1532286
29e39d72-1dfa-4809-9219-7aca453b71f9,qhsqgjtqt,llvqqdzoxh,125427.54,814212
29e6d1c4-e411-44c7-a5db-724b84bbfaa5,fjmejib,immyfd,3435732.17,20160420
2ab7a9ed-c1f0-46ac-872c-1fb220af89df,qqr,hlzgc,0,91489
2b322632-9328-4ed5-b173-60299f88e564,lpjqepls,iydiqpd,12167.54,79089
2b325786-60c0-4bf8-917a-e5b47f71eea5,dmwvkbbdf,jiopfibhc,2116537.98,13229172
2b55f5f5-5048-48bc-8cd6-d538bb03cd0d,oekcjjnn,yzncudim,270560.85,1306545
2cb844ad-4881-4118-a083-0e41c09b742c,ylvclox,vrslmhmisu,580874.2,3148723
2cca9757-fdf3-454e-94a4-b7caaf7c7450,mwyhntlj,pshj,646999.04,3967520
2cf6121a-5e28-4a48-852c-712ee81d2636,uycfpop,hzlyiycuqq,3401451.36,19788256
2d33d314-8039-4bdb-97ad-71be547abf5f,cuivjbsj,mfbefc,269796.0,1566792
2e0684ca-ddd5-4782-8427-f5a14f98fbf4,hqe,drdgvptd,332572.65,1666998
2e23fb29-a340-4419-a561-0817ead81b0c,oumbxshrqd,xnpcbpyiq,173464.08,1126909
2ee47ad9-10ba-460b-940d-743ff4f05682,jynastvpt,ezdvd,4230208.26,25734030
2fa37002-b0da-44a1-b78d-9d5c20576101,igvuggtx,ducdxkmvgk,1855150.0,10073775
2fdddddb-1f48-46e4-b80f-5f54764e5bc2,hvi,jazq,2504444.8,14608080
2ff35a6f-8db3-4449-ad31-07f7fa68267d,xgaschx,eyzhnyx,2689095.16,15394221
3048de5b-a08f-41fb-ac75-88fdfc83a255,vfcomrqukg,fstvgdkq,150416.84,772038
30a761a0-d69d-448e-a265-857f08f9e119,pyntdbjbvx,okttnfl,196732.2,1047816
30fdd609-624d-477f-9842-f83497969392,thrfkywnba,pwnkqm,153149.4,968575
324d8db1-ad22-4fda-a2f5-970aad3047e0,mnmcwwscfc,qtisjeniw,2581471.26,15811158
33f0335d-1de2-4438-857a-fc1a99d304fd,wbjtps,sgrrvqxacu,772623.36,5099136
33fb661f-fc1c-4980-83a6-43a0e0206149,aotbl,qzbap,1036213.49,6300746
341ae1cc-7086-4bf0-ac93-a1f6cf3ab875,igtzjvydsi,jwxh,1682657.48,9682286
344c9e75-43d1-41c3-b923-5dc4c09d3051,jgf,tkeztv,166851.2,1115940
349c7ed7-377f-4b78-8fc8-d367ac23abc8,hqfzzqmsjq,oxldhar,833245.05,4614091
352c3782-f5c2-4d16-82de-b10c51ab1562,olf,blu,870409.54,5248562
35bfdbac-adaa-40fc-aa04-700a649aae0c,paoch,ubilruaas,1916482.75,11348929
35de7441-9a67-4349-983d-3f81d8a2df80,xbj,raed,1469426.4,8879704
36aae5a6-af39-4c5e-b0c3-19daaedd967d,btfsw,jercsqrzx,726693.93,3744580
36ed61e6-0a3d-4fe9-949c-db30cfcc76ab,hqbhkymlu,mblzrdkad,665329.92,4245010
3700700c-9c96-4d3c-a199-f0b501842321,bimnhgz,wezeanvxzg,177787.18,943046
370e3f63-4041-4b89-8026-a4b1152927b1,ssxemf,euehi,857988.72,5391514
3796c33b-0d8c-4384-a0a0-e0873bd9d591,zankbvjgri,eqmfwyi,4015439.68,24219848
38c2e072-29bc-4045-bea5-22677bf31487,dxihlnounl,lwrbfwylgj,1004098.56,5938204
3a073a3f-b8ec-47f6-a74d-a0e3c2082fa0,nanj,mecgkgutg,174409.5,1166427
3a31e3dc-c864-462a-9623-599d7beb9e44,wcczkyr,dmoalh,182742.3,1071608
3ad51a44-1e47-414a-b050-e0158b607bf1,ecguqunk,got,1138308.63,7414713
3b6e576b-3589-4e74-a6cd-715ac04745a1,xpvketa,yfzqqmxjqq,1590032.54,9963718
3c06e71e-4164-4373-a99f-66f4a265d8ea,iwpijwyle,hsbscjbsr,617022.48,3224628
3cf11557-6d58-41fc-be4e-ed6e8577c038,gncuuymxxb,azchpipa,1103123.3,7460440
3d35d4ee-3eee-4aa4-80ac-ab7cf822f079,glgjwada,jrmwlrwpap,1255161.6,6753600
3d6cf209-cc29-4522-a404-a8935fa632c8,cvdgzfzoko,hswz,198524.96,1039272
3db4d85c-4a2f-4772-b954-f88c0ed2f185,nixn,fimlij,1489122.64,8729556
3e28b304-031c-4f82-8c9c-f5d11ada8be7,fdpcp,vukseyfm,1325.68,16608
3e2daf48-5946-4101-9d78-cd9aafba84d1,fbsv,wxgofv,467108.8,2512674
3eb7d6eb-0d39-468d-be2f-eab5d4688020,jtycxyzhy,ufup,429711.9,2119900
3eca3ac7-f81f-48aa-93ad-c4e28002f3e6,sgnmpquq,eunyxz,36988.56,218960
3ecdce12-8ae1-486d-89a6-1fda4ae26440,tqqzbtlgxq,jmdnkhdo,711804.24,3844952
3edf3905-cab2-405e-92df-c5609a3c2b61,pchug,agkfxiw,260588.16,1556964
408d859a-31df-4bc3-b011-531151f1612b,cazblrb,wzmm,1399391.64,8436221
40e5eadc-ac45-4949-9557-f1f4d214a738,mcypj,fomjfrq,1958652.0,11289700
40f005c6-307c-4484-824c-60f9882b6e8f,whcq,fbxn,3590905.36,19727118
40f22b70-1d89-40ba-bcaa-3527ec27118f,wrl,vow,1904329.0,10942910
412d75a0-4cea-451d-a395-6f253e09753b,eok,ikdkla,1543653.9,8847300
421984d0-a871-470a-abc2-2583637785c0,kfa,dyqhuu,1590329.76,10197188
42419071-3f62-4759-97e7-f231215d78a2,vqg,teo,624758.36,3392180
42a3f791-6a0e-45ca-89ba-9a7a169f205c,kkhsx,rtudaatxu,1211776.5,6773242
43636eb1-a0b0-4492-99e0-55f566ab76ef,gjfulbwj,ieyyi,0,9094
43706e55-d9cb-412d-b887-06dddff147c6,hhf,lgflrraceh,338782.56,1958976
442e662b-969c-4f71-8142-d74589edfaea,ybalfppd,khzorx,216734.75,1215851
44711b81-ff56-4d9a-878d-895741a3d7b4,xgbbhfrv,crxcaqjsvi,1781880.68,9409848
45dea2f9-a7cd-47f7-ba73-f3d733763986,zusf,dtbu,74460.4,606900
45eb469f-b277-4f0c-af4d-393aa3bf3d88,iddi,rnrscclngd,2062015.86,11964942
46f6965a-1aa6-4b82-a8a9-39f6021804de,xmdhxwi,kppv,1275765.66,7148275
488cbc83-9b2e-48f6-b6cc-dd90d2fd4883,jrxlfqxbj,npfhgt,16676.85,106659
48a3cacc-e494-4a3e-93b1-6a28cdcecbdc,chsiast,dig,3044699.28,17963880
48cae724-57bc-48ef-8062-f41a739396c4,gapnuwcuyu,xfuzc,1114961.76,5809792
4a19dc7c-0fcc-44a2-8941-f740b157c80d,otfmlhjxxu,dencbgcj,1771100.46,9990395
4a657df7-63c3-44da-8cb0-af24256cfe83,bkgmd,nuwytifu,18963.39,78360
4afc6e5f-5564-419c-a118-142e68c9cba8,adpvkgj,aptfg,410329.2,2522160
4b3cb7c9-e7a6-4fd2-a396-761739488f92,pvavlc,ohp,884716.69,5082129
4b4f83a2-1db9-4610-a6e6-0d67974564d8,ips,ncazau,414873.27,2288988
4c067f55-a979-4b46-a5a3-68e168cf3bc6,xdjlfx,kcmlcbqd,3098159.57,18445995
4d38ddf2-088a-4df9-b047-dd7b7e2595c7,mabg,bgcliohc,422840.07,2138451
4d62613e-63fb-42d8-97d6-52956e542fc8,yqbsfoetfa,xced,151716.14,944649
4d93e005-a56b-444f-98e0-8ea09fe415dd,fjhgkvoik,awrxqf,885261.18,5480154
4d95b7ea-434a-48e5-b4d4-5001b0e50e53,hxu,vzblaz,2769822.64,17442152
4da386d8-65e0-4372-b8e9-0c0cf19c9e33,fvxzda,xlazxdp,4182659.92,24315831
4dccb7ba-f1dd-4163-83cd-c55296ecd471,lidw,jxesmyhee,837232.85,4817615
4de8e2eb-0868-4476-888f-e426d22e8e16,xvz,jimlfcr,101417.81,675598
4ed0aa6a-fbfa-46b9-8ab4-4108d82c818f,aqrkxzoc,mjoguhf,334816.16,2191308
4fc22ed8-adf8-45eb-85e7-706b0cddd6c5,geyoad,bvcwynegx,1278354.87,8832359
5050cfd9-160f-45de-9410-fc1edbf742e0,huxwxrbboy,fkjrq,131412.72,857670
50a4c9ca-f025-41fe-9685-f236540979dd,qxuoemctcu,sokj,149254.77,708929
50f6b1ad-491f-40f9-b1ab-6b20f1de49b7,kfic,zlqid,1668502.69,9175534
5143eb79-28e7-46be-98e5-2810a4739e3d,dki,fwgzltunoh,670712.7,4264344
51823caf-e75a-49af-938a-f3f1b878c285,ilypwstnfh,efyal,1277055.81,9116303
518e5b6a-a8e2-4659-a28c-82f5c88e93f2,pfzjmmtm,bewzdvc,1122771.28,7033572
52c2aefa-fcec-4d80-a367-15784030b787,mmuzhg,dntlfqlkhw,1309049.28,7557088
52c93551-2a4f-4e2b-b136-d2025441a2f2,mvtmlmpind,xgupbz,1953927.3,11191062
52fed9a9-28ef-4885-b570-937e8d33d0ec,ouhnii,exq,1103266.6,5992285
53138701-9ca8-4b0e-84cc-1b9e7704f141,yyakpiws,ugdajgcan,376735.25,2201220
531646ec-72da-45c2-b19c-ee1efc2f67c7,cbaytqpch,rixvcggq,978228.24,5401410
532200a8-6bfd-4f63-93d0-144614544173,pppqpfd,krvvb,1200564.75,7692555
533532fc-2218-4301-a7c9-b12fd794b16f,uqjqmzy,rashxon,0,55837
5390c072-96f4-4571-9a77-cd76479386fe,kcznarara,pibsvknbdg,226251.84,1456176
53e2098b-f21b-4015-90ea-807e31449287,sxjv,ysqmwk,200601.5,1119650
550a335f-1310-40aa-9838-f0d1b0dd82ca,rkijpnttt,wlpy,324657.67,1785038
55f5d8e2-3976-4186-aa6a-6db3d467164f,ylooajai,qnp,34364.2,228690
567dbd12-47cc-4d4b-804e-5c2ed3c21e56,kqsrdrk,flgqn,378799.47,2213234
5686d508-1cf5-47fb-b16b-0cb388137924,yzbel,cabjj,1990458.75,10340135
56f3d92f-391e-4298-8399-1500c304ce3d,ylcfppuwxp,uhpv,13614.16,67868
5729687b-1578-4862-bb49-6507a6772e0f,tvgezgsp,ncbkusbkqr,982969.8,5455538
576b4e94-4e31-4e6d-949c-8d3f4917011b,pwkgsbb,jpu,652477.01,3664416
578899a5-45dc-4937-82d4-6d310f8625fe,dyidmt,kjklhlope,4054539.84,24155352
58757a4f-fc9a-4d1f-806b-91b924961825,xawn,uirnvvhhno,277097.5,1425375
588a4a69-b080-4130-8388-5cddef5d101a,vqsgsi,leknxi,489451.56,3351132
58a11589-ae27-44d2-8769-9c696ef01c8a,memkytcg,wvhzpa,1025813.78,6344098
591dc1f7-56a8-41f7-bcc6-35ed2b20e3cc,ymiwr,fieckxtby,2873462.12,17543568
594b97f0-228e-415c-9a73-8f978bbd9682,kvqxkw,vgpcsjpw,3289410.8,18757783
5950d6e1-eab9-4d33-89f4-ddd9d98efc32,bcfipqwac,hktkpzid,438764.91,2356263
59632df9-49bf-4dbe-a0d1-aef7a4f6f53e,geqzkc,shnpll,2269495.8,13361280
596fbdb1-60fb-4e78-a073-0f2c6c329009,amwvwhw,anyqivmjbo,1333730.88,7833828
59833bdd-96e4-422a-bdb3-d02a824174d7,ruetujb,zuoqhdkelv,379699.8,2125245
5a1d05ad-7715-4c79-8b3e-cd17b695127d,eyrwbzee,zfh,1665548.88,9056900
5abc18a3-0416-4d33-9f17-929c413696c3,utloouki,hbgghvbi,1164295.86,7029018
5af92192-5471-461d-a26b-8b05490d2ebb,nkcdirj,uvmgnyqkh,3202302.4,17553060
5b6363ea-8176-4904-8b81-108152d8cd11,xkvjm,auebkxm,167210.0,894900
5b66737d-04a8-4e51-8235-27b5a85ec8b1,pbv,qvxvymrynj,419422.05,2298810
5b762874-5e55-4b74-b740-77605c2876cf,yqpftryit,mrsbrrty,3518330.0,19943488
5b790e52-b680-45c7-944b-922d181e5b0e,sgzfyc,hqzwynczn,490945.06,2577432
5c12980c-9b0a-4345-8f3e-535eb06f1c60,fopaebafa,pzqvbuwu,421584.82,2612196
5c13a660-9316-47b8-840e-e2d312c8c288,qjboc,kvzcob,566793.6,3327960
5c56ac76-a082-4150-830d-94fb0db97681,apeml,ackn,4126859.28,21844072
5cc27d77-d963-4c38-a768-bfca6c425d04,mgseobi,czqgdro,40351.08,215760
5cfe8d4a-0340-4143-a243-01b0aa7f282b,nprhjvjtct,ikqs,570206.92,3146360
5d380a3b-d98d-4f60-8dd1-b2b056bbc1de,qlcdaz,rsl,1158558.3,6515740
5d71d35c-3207-4389-846a-be82d706d872,pqkpggbvbx,xznkh,915003.02,4780840
5e1433cc-5ba7-4e4b-9693-e3414761e0f6,kcn,iahf,1923920.91,10605597
607ca794-70ca-4490-9f24-aef016ef56e6,ymvemajkph,fctho,480544.2,2380035
61c432d4-308a-4153-845a-c1a3d224cf84,jvyatmvigu,wlctmr,491880.72,2595264
61c52ae8-0f66-4114-a391-db47a285b66c,ezbaoiy,trn,777908.04,4343456
6438a7fa-c0fc-44ce-a920-71e3129338ba,kwjhtb,yox,3163912.05,17316910
64f16643-2d70-4cba-94c0-6c6b96344a7d,bvfc,ugamsfgnnd,130294.4,774528
651d1211-3954-4f99-8ace-6af5bf90464a,dimlv,ushdnmzvmd,70253.4,350100
651dde3c-ac46-4024-884c-73d8d76b7290,mnok,hnp,158738.56,960480
65ea8cab-027e-4cf9-9ca1-eb52374be467,hatqabmdn,sisjxjtf,920721.76,4897920
66147cb0-4a0f-4b52-87de-fe6cdbf78678,qrtmiazleg,uicxywsrk,1210610.65,6351795
66206dd8-a846-481b-87f5-0395b8e6e90e,ihe,zjtwvqrwtv,2119091.22,10778085
66fb68ab-1684-4bff-99dd-e12a6c96ddfe,yzbtd,sbfa,3019361.03,19860387
670975ea-5004-4328-a420-5f778632476b,khmdcfl,rzvl,736756.02,3894912
67c5b3f7-99aa-4075-a12e-2b493e5ae8df,ixhp,lpbvo,1479592.14,8344653
67d03263-5202-4512-9bce-278d813c1035,kxanvgqw,zaz,879220.44,5398140
67d7bc16-15da-44f2-9235-b1c5e366a3cc,wyxwcobs,nodqlil,948338.82,5689530
692d62c3-5a0b-47a1-808b-978a5a97c2f8,wnylx,mbxwk,2805400.0,15825600
6958a9eb-24d8-4b00-b9c5-eda6ede5bc10,aec,wzmlcuxhud,58775.08,286956
69fe111f-69a0-457c-9930-026bf329f0d9,jwl,hpchhgz,127901.39,768581
6aa042bc-1970-4708-a8c3-ad5d20dcbc73,hhdpu,pks,295353.81,1508283
6c49f022-bb4d-416c-b4cf-b364f802a45a,qronrrftuz,neutgwvqdz,3320398.4,18658980
6d366b07-8bf4-4337-aad6-d7aaeebe845b,lvtojfbgy,dth,1202362.33,7539532
6d4b5bbd-b783-4209-9af6-02bf49784ec9,svawgtcxrx,yxqgk,402161.28,2384888
6d9fcfdf-20a8-4b05-8f18-85a831d3eb2e,xxhzd,psofqn,952940.55,5768687
6e1d0ded-be4c-4a31-9950-e0193643bd68,hczlgyky,mitblldvj,808761.9,5300130
6e39558e-1bb2-471d-b52b-7755adb17b9b,botaf,zkzdfadaip,1694450.82,9681386
6ed9c35a-972b-4a46-b5b4-6b2b72c77855,ffkzttp,cukcgco,1728002.88,9272816
6f74e54d-cdc1-4698-90b1-43a539648a93,ruezl,mlfwh,2242350.96,12981327
6f837b9a-0d33-452c-a2f8-f62b18e136b7,zltq,rxbqca,198795.56,1146070
715cba93-71aa-47cf-86e2-8cd63f1bf3cd,wurnr,hrjstwz,3915026.5,23742000
715f597b-5222-4269-b53a-aefd641bf1c3,ref,njuvvnayne,712792.08,4356918
718f3ebe-ca4e-4790-838a-ab1188bda81e,pbcsodb,noufjmmxkn,620029.44,3892392
722a4efc-bed6-4532-89cd-9a40ec6d03e4,ivkum,skpjp,989464.14,5940428
73831459-cdd3-4332-afd2-749d109804a0,vxz,bpdv,44127.2,221640
747439fc-f156-4f41-9299-b9b0ca7e36c8,yidrw,jyzkvrvgf,643498.75,3713770
74ecdd0b-a0a8-40c8-bfcb-2b6b1900b182,ufy,qwfto,1118785.84,7292460
75f96387-e3a8-439e-8738-1fc0dbfbbe6c,dnadnp,najc,582450.75,3100300
761b4cf9-c331-4727-866d-a0cb41d41b1e,fbzl,pikvmbwd,101128.96,451688
7628e130-88b8-4371-bcd8-3a4383688f8c,mqnt,eyeshpjivm,785988.22,4216146
76fff2a5-af02-4b28-8bc5-60d3f56d9776,gbz,gqffe,77588.17,511560
7834013f-05f6-4f3e-893a-ea50350ea903,fhmvlwfy,nnvnwm,255162.24,1268064
78523f7e-e1a8-4426-a1a5-d7d79fc3b892,pclxbdmzd,mfcigrpw,686024.64,3898440
7858cd29-6077-45b7-8f4e-8d2aa9e770de,ytbnimcy,qesky,2031286.27,11152030
79a9e157-ba2f-4f74-80c1-322a4c781607,byvxlvaq,sauzorhkjh,464279.2,2776320
79ce1c1e-a055-4a53-8785-64d90c36a1e1,nobthvvd,gupqdwe,1489866.07,8205009
7a85e5d9-ea0e-4b8e-955b-1e38cffe6bf7,ohbersk,lmfurih,857651.76,5022837
7a8fcb01-aff1-49f8-a954-947b91214506,bpwizi,ivkueth,63600.84,339210
7ad40892-1fa1-455e-9f48-f3bd91d2417e,xxu,zxrpjrivgv,656946.94,3868720
7b1d6de1-1f20-4526-8601-3741f5dfcde0,obe,ehztvrcepu,521030.72,3228344
7b35b2fa-8326-40bd-aee2-cc7f30c8c9c7,tzmebykhfv,fdpkwn,2080571.22,10401588
7b78d7bd-2c86-41bb-bd25-69cd44130dd2,zupkxc,ikndd,365407.56,2167165
7cbbad1b-8ac3-4081-b3fe-8a4d3a78f0a9,twrlznodl,giab,2429590.68,14735916
7cc57bce-0d24-445d-85aa-20754ffc5488,xnuuhxsh,paxjbipk,615986.59,3565901
7d455d75-f6b6-4041-9d2d-8126e227df09,itua,nmovneffg,633312.35,3781338
7dbc852d-c40b-4078-9d9c-4e935f6127dc,csvvdwk,twyhiln,60916.45,191565
7e2b8341-07af-4f3f-a993-e85448e2c148,jfzdqay,uswgnra,1736793.3,9719820
7e93e281-3e10-41a5-9beb-bc530061474c,xbfdi,muqketwge,2343265.65,13209940
7f57146f-493a-4f8b-b243-0b3db4290aa7,dcabvrjdhq,eoxklaoje,2111990.58,11998670
7f75510d-f2ec-46d8-88b8-ab548865342e,guigc,bxdwiej,927104.75,5762573
80540455-6a70-4243-8f07-59ee34b31866,tgsp,ibfgus,163416.87,843059
80e61643-9357-4e06-b55c-f95dba95bd29,nccgpf,sxxawdo,1688359.16,9468450
811c086b-3fab-4c35-8897-d91f7b87d259,wxp,zfvkwtebsd,367659.38,1882743
81330aba-5259-47b1-9ee0-f93e56a29378,fxb,hdceye,230599.5,1722454
815cb0cc-e9ff-4fa7-b8d5-4298a2819b80,tuizg,eatzpb,41570.1,283830
82473479-24d6-48a9-ac57-39122256e5ae,schgmuwrs,grhtwauix,1062603.8,6339200
83bf0b57-af55-4441-a332-e0639440df14,lwd,zcldojmkbk,1095312.57,6682672
83d5f5dc-49f3-4bcd-9ad6-afc2f16895d1,snqtoiw,eacprsi,123485.67,659199
83dbd63a-9165-48a5-957c-afee7a8e0308,cruwg,ehfuxozvn,938557.17,5062464
83df8fcc-cd6d-4d2e-9ebb-4c71808352ca,aqkx,rxuyr,912185.15,5103475
845fbb02-e4eb-4cc7-b4ec-df9939a68cb8,daxavyzzz,wsrkw,888218.55,5967897
84690d40-90b2-4324-aa3c-fd1f1e7a53a2,wqxmwhia,xhkpvhdpw,360331.08,2003968
85f08831-2ee4-4cd8-b1f9-85aa4b007e0f,gafereuvc,rfkz,2947078.13,16552536
8623a33b-2b28-4606-b72b-f63fcfe33642,shaowwf,azo,191424.77,1208223
87682630-e1f9-47f2-8d37-15a3a8255f2b,odigcxucm,sfjfsmiq,134732.4,1104580
87853677-5b91-401c-9e95-2939a0754fa4,lxx,yuua,3219749.44,18130992
8802453e-8397-4fa9-9814-2bd278be83dd,qky,xxtgcqtm,3546162.88,18693048
8816c0db-4062-4b7a-aa66-7c2108326e81,marud,mqzosplwab,35452.35,237388
884d170a-5d52-48c9-b67d-239179cb9907,pmsizoi,iorqylemsw,1085028.16,5810792
887d3ee4-c205-49f3-ac9f-8dbc041d4f50,yvv,sccsnk,1908740.0,11543100
888353f5-455b-40e5-8b23-8703cbebabc1,fisy,bwkott,1703575.5,9810750
88b73fb6-fe49-4961-ba1e-09d7b8ff1227,wlr,hsznngvrf,777321.72,4942296
88e0e9bb-de2b-497e-9140-2115b6f223ae,yzqkikaps,fanuqfipvn,1451986.44,8313372
896c0695-51e9-43d4-9211-f8782b04cd87,dowizhovx,hnriqtcp,739789.47,4072079
8ac82da9-60d2-4f6f-abf6-08da44bb2aff,cdrqsc,xmzih,20270.22,101997
8bcd8f56-b933-45c2-a3b8-726b1c63c670,iqcbysnwg,qmluvg,1049768.72,6213636
8d17a90f-4183-4fbe-9f30-8c3d056e7985,ajyusfkth,stf,1552452.5,8858598
8d405e24-8b0b-4395-b3b7-1ea23e311116,jjmiyb,cgq,5830663.44,33387720
8dacc6f2-0c10-4de8-94af-bde51244433c,scmg,hbmvg,1367409.96,7674264
8df6a6d0-9cc2-4611-ba6b-9e3064a4554a,cgdrgwxa,uqloeqg,694428.82,3476420
8e6f7096-00df-4138-be0c-8d2d85ef0d16,gosy,zqd,154255.62,823988
8e84c0be-b1d8-41f1-a953-103f36bcb272,bcyrmnfmoh,toem,834840.82,4926519
9078ed81-0970-4963-b543-8cb74d1f985d,txf,hupmcv,147317.45,801908
90bde373-fd48-4d06-a714-9152a328cfbc,rhvjl,fbouvzj,456669.72,2893527
90c0dcd8-1e27-4e06-8d5d-89d78a6819f0,pwbesav,rgzbegni,1179390.0,6111000
90e020d9-99ee-4cb6-8720-11ace17ad8ee,unqbruhtqu,tolqegbmiy,2369668.56,13858536
90ffca46-3a88-463f-a7b4-e5649a84d64e,feqzpg,oiowinffhd,230603.5,1247130
91284460-559a-4cc5-958f-bd243575150d,rtwfdny,ylrmbkb,2873624.18,15353888
918653e5-5ea9-4a3b-bfd0-9e7b24b4213e,xosmartnau,ortdjg,1325130.56,7062536
91b7f1db-3460-437f-8bbc-415dc7029250,jhf,jnszbal,3773144.1,21031270
928f662e-e518-49fa-b61e-de3fa425dfb2,xsnayut,jwk,204312.94,1117557
92e6c96c-a564-4846-88fa-db91b3d416c6,aaawyj,qzaffg,3084667.8,17393896
9387e103-4675-4a89-a07a-23f98a10e0e3,zmowksra,zgawugwgbg,2678809.2,15715896
940a1562-fb81-4cb9-8bc5-4d461946cace,bpnridg,dacmdyaca,1112224.0,5320480
941cee12-d1e3-41c3-82e9-4f4d1b1e3785,mqczas,zavrqoomkj,2077148.2,11260970
9439a00c-abba-4857-8796-0d9883f00c37,ersdoxuy,xftdhtwe,49971.28,303152
94a40aab-9a8e-4b9f-87c1-d873ec91fe89,lrpxmwcucf,jejjvevxle,1008430.8,6088080
95208569-61f1-4064-86d7-6c30b2165406,crupg,vjrjern,1698804.36,10311280
952a48da-8d0f-4389-bbaf-e985eabc8b3b,ztixm,prkbyv,3085015.75,17489985
957be544-1277-4915-8edd-d1a169723950,buhk,xuqpgtl,389771.92,2329562
9581ce0a-0873-4b10-8b48-bce830bbb049,ebw,dpjvsuoytb,1595426.8,8826132
95c22343-429b-43c6-8d73-18ae3022a136,oqlmgfiz,rirukqmekt,232551.8,1310190
96d28cad-6981-4a64-8ab7-8b8b1e16a60f,eya,hic,180828.48,1064564
96e00ed1-2584-4ba0-912d-fc672e615d55,nshmvzni,ckqvuxkww,631650.25,3902475
9733bb68-4f64-4418-8e6f-773e00d57ae6,cjp,cuuafoqgdj,556432.86,3041216
973cbd6f-c563-43de-97a2-65ce2419076b,zsnxwj,dhabtnhp,699510.24,4311424
977270c9-d7d5-44c0-a42a-31b22e7b9a21,fkvqrq,jhckyp,81888.03,338694
97afb86c-4ba0-47f9-8741-6793f3e9fb8b,mxnyny,rapyqqaxxc,646439.99,3284568
97b34999-4c58-442b-b9ca-9cc94074f04a,hpaimxav,qblorjvb,96880.62,567663
982772ba-3d9e-4fb0-9205-7cb64eae0e09,cissyyb,xmlgdmxp,2239084.62,11953245
9857f070-3400-4267-ab2a-14dab738593b,ppfpjlu,kpnb,87425.76,622908
9a56797a-76b0-4cbb-83d6-12552fd8c481,xaolxumab,tunai,571967.52,3658680
9ac4edd4-c46e-4fb9-a8c5-d34da47e2860,ojdgjl,urr,13575.33,106248
9b30e0c7-481c-4212-8c33-f94e9c5203df,zkqnyeuxrf,oexawralx,1180177.54,6520822
9c19afa6-5ac5-4e64-af81-45c22f1b915d,lnwbwz,fzlcdued,1641841.26,9433116
9d2c5d48-9288-4542-850e-057053472b53,qbodz,asn,578234.12,3708286
9d343d48-69f3-4f32-af28-ab7dbdbb2a0a,wff,xfgrj,2390359.04,13198284
9dafb633-3dc5-4740-8117-5d684acfeee1,omnvoprm,otwzpzfg,1592598.26,9315930
9dccfca6-c2c6-4c8d-b018-96f497a8ca29,qyfm,ghzursbwjl,1915050.34,11245125
9ed718a3-bcb0-4d46-852d-e46e6222391d,qjll,djdvhp,1278102.21,7881790
9f6d76c3-245b-4bf4-a8c6-807f9e3b68a5,vdbpsfmgpu,avkma,682585.59,3712152
9f716145-1bd6-43f1-a10a-6b53c6aef527,fyl,owpy,195349.8,1219760
9faa9bf9-d1ad-4729-9419-83ecd59127ac,zuboktru,mxe,2571277.64,13725132
9fae099b-aa5b-4b5a-8b2c-507612666f41,siialtexjr,hxrjiitumy,1475837.86,8321678
9fb322bd-2299-45d2-972c-172a57854df0,evcglh,qvuyyubrjz,114138.8,623439
a092fd96-16a5-418a-b293-531cef41537d,bynytxqisx,hkl,150578.52,818776
a0952c9f-c863-41bc-8d25-fd3ce2acc1b6,awtmr,hopkag,854696.7,4705330
a0c179d9-544f-415d-a554-fd0026f50fb9,qhwse,iqts,1006656.62,7313290
a12911fc-637f-4489-9d01-9864f7afa4b9,lfbthb,notybbcbcy,2488822.8,13502944
a2c66c2b-2a64-4ef0-9d1a-8467e564a3e4,isjwi,nuhlxxez,474014.28,3132320
a2ff2e11-ec9b-4d7b-9c5d-7b9bb72319ab,rchiset,jjvpfjah,2065293.4,11639232
a3b79e36-9b20-4d7f-a2b6-2bd90db557c5,gcvgvmds,newusgux,313306.89,1842683
a3cce56d-bba7-462b-929b-4b83e21991c8,tzpbi,hjwbsvlyw,616936.0,4043680
a41d4f89-284f-4cfd-b038-1b783cf3ab8a,xfwplnhp,hzwy,3312718.11,20569659
a42be468-9cdd-46a0-ab12-320d5a78be42,rqj,afc,1472123.04,9017580
a47c6531-fb52-4487-afa7-678963cbeeee,apqkkcd,kuw,95244.3,632500
a4b27d0a-914f-45dd-bbcd-bd5579d7188b,ifujw,hdcjx,8021.43,0
a5125a78-40f4-4816-8410-c1009cec3c85,mzdfmxh,hvvmunwm,2110702.37,12357470
a5d06a39-c8e0-4594-a801-606f80014c37,llhktgbcaz,xag,162012.04,1064268
a6364ef5-e2e8-49de-997b-0741f0b4a1b2,nwp,hovmto,306711.68,1652992
a6ddd5b7-f157-49d5-8c56-1b135667dc80,gsngbmw,gvhnkmsb,725380.11,4121037
a75e1ebc-3321-4d11-af7b-ef8cb81da18c,nfhf,nsoimjj,90750.92,450184
a76245c8-34a3-4316-bbb0-05460b5bf26c,cffrcklp,oye,91062.15,626059
a820afa1-1076-4dd7-8822-9103d365d705,qkolnik,uvlrjbx,2428639.28,13591580
a8275691-587f-44ad-a670-e92b0f39c267,dff,vwgtjt,868742.1,5675490
a9086229-57bb-4766-b122-9da32e15e0c3,nvwnmiybx,qjfab,3070145.4,17958764
a90de81d-db7a-4e54-9444-ec2700545ddb,qscbn,crvsgbj,323892.4,2048150
a9255c14-302b-421e-ac7e-b08e3ded2609,ltecael,dlund,387823.84,2145708
aa44f25e-bcdf-4814-b4de-e538e5e67a12,ids,nklkrnzpf,1240034.34,6920316
aabdf606-1103-4fae-ae29-e06a9ecf6642,yzi,ttibcja,4195207.8,25664440
ab64c2f2-9191-4b0d-a861-8f034c40b48b,yjcucn,yslzjantr,3705931.6,21756600
abc52863-b760-4c7f-9e03-55b3325a6fec,ugioa,notyxnj,2564136.76,14610792
abd260c4-6c49-4db7-85f5-a8a7069d333e,vcpew,vbz,2248506.3,12868626
ac78a4f2-a055-44a0-93ad-ba003d37be98,damdyd,brtww,1985224.15,11631726
ac9bcda7-ce2c-4f84-844a-db4cdf9f6752,mzinbgm,pjfcpjs,159557.97,963284
ad7b2c8c-a712-4e02-8c8d-5fd3f178f771,baelku,mcucodqrl,263758.08,1808820
ad9efa0d-ee84-4cef-9020-fc87930dcb01,ekcqx,fgbxmnjy,426201.93,2346876
ada1ae33-4b15-4f33-854d-11f46bedc8ee,zdjuierc,lvzwowp,249666.69,1273617
ae6941a3-9bee-4a2f-a905-07812592179f,chdrwin,ngdgwb,777205.74,4685022
aef9420c-cea8-45fe-b659-c9d3de117ac5,iquflwnq,mzxpzswne,8734.32,54420
af4cb25a-6b5f-42af-8efe-000f505e876c,qvuxhy,gzamnk,8462.39,19320
afb830bc-80cc-4703-b27c-7ff272bf3081,ppxv,yidlrisyfa,6652.68,33264
afb93ce5-614b-4ae8-9e29-7790d0202f25,onnlr,sswbujwwu,3513584.15,18581475
b082fd45-6152-4fc1-8f48-7e8d36165af2,ouibmil,redsmdekx,556130.46,3742108
b0865c64-b9e3-418f-a951-ae94b404d276,qukzjvevd,mamfnhrny,647511.48,3521244
b13a2cb7-b5a6-4b8e-82a2-de06e082d6cf,rvv,urrs,480819.6,3302944
b18f7f8c-9f28-43df-9d56-2f12f191f45b,ffw,kvxstlev,436360.65,2633305
b1987499-b2e9-4e87-9dd3-766cc1218f23,xdrmtok,cuoolsyt,342273.12,2670768
b1cbf19d-3b68-4c7a-a15e-28a2925c81c0,gunhz,czihjsbdf,2896570.12,18598925
b1d01288-886c-401f-81c1-f6fe219582dc,oxzt,xrg,2004123.93,11022359
b23eb47d-81e5-46d2-bdcc-7830bbcb3054,eeapaobnr,raxdmbmke,337112.04,2063376
b29a54c1-2669-4b74-b239-70ceb45e0187,kqqmcxfb,eiyjsqfbhz,2346404.1,12758550
b2e82dab-17e5-4ff7-952f-1df19d08a1ae,hlq,ptv,706319.88,4582474
b2f229df-89f1-4e54-9eab-5a0f94e2e32e,zljyo,hhfsfdhzgg,1317381.38,8082307
b305ee0b-c02b-42e2-8f28-cfbd37091e75,rfnyumkbv,nvnpfykpqp,1927454.85,11354970
b4ed3320-be74-488e-9e42-04853de882e0,itvyej,fveuftwckl,2008590.08,11390392
b60194ab-d0b2-4a61-9010-201756720ef9,zqplqzo,myjpkkgi,497080.98,3089156
b6d7b437-4982-4222-858a-d7fcd5302231,giowcwisvf,sejmeho,734880.1,4139442
b76c8259-ea28-4175-af28-6087248ebd88,jrhwc,yputnbccje,338521.48,1671390
b7de5156-373e-4f6b-9dc1-098d621c14a7,xewoqi,rnx,940042.14,5394410
b85fbca4-dfa2-425f-b6af-4ed3e2bbf9a5,kfsjuxqxnc,naivn,1404114.54,7504398
b860a04a-1973-4c60-ab54-c74de876c2da,gsbvhtzu,ovqkvmq,4363424.56,22971578
b9b1173c-cfd3-45bf-b36d-17319f9e1ce9,npixe,csvmwb,4190468.1,23125296
ba0674b0-cc30-4994-81f0-53dd0d34f35e,lqdbrxhkbr,egcj,982193.84,5179482
ba80d68d-18f7-481b-909a-2cf3da5efb59,ofvavjwqy,vivtuwit,720885.2,3438875
ba8190e3-b859-4b19-9e20-640322a01412,sgyjaj,hwo,1063801.2,6385968
badcf4c0-8811-4c61-8ae8-001c91b1172f,ylfyolt,tqarsyt,456651.85,2721470
bb07516f-1ec1-4e88-b7a3-76ef9ee4b075,ppsbrv,glygnrfauw,1114892.91,6202521
bb986bfe-d4af-423c-a419-4ec299cb565b,wpkaxbma,coksne,400136.1,2501880
bbac3c4d-5180-4c52-85d4-1bc5c74661e8,bnithpyxaq,lyixuwr,1101427.25,5942218
bbf00d25-6d47-4e3a-9187-99569faf867f,rar,wxart,136350.0,728580
bc110be2-b2bf-4ec7-bdab-54c14cb3e82b,tzar,gcze,985860.0,5475550
bc369baf-3949-4b9a-9247-438c0d46fcaa,gfi,eht,372995.7,2159280
bce3d3db-cc2b-4e4e-b9db-0488ce5ce743,ppi,eqslnveqd,790141.44,4086612
bcee029b-84be-4a32-8102-8f71345e0131,bpkjxuplg,kypwpoqrr,55780.2,276262
bcf85cdb-de72-4a7d-84ca-a5fe5085de8c,ahtmlxaiy,fofcdjgd,1486927.44,6930364
bd370ecc-23b3-4a21-aae0-9495f6cd543d,oymfuc,hxo,461892.12,2363328
bd5b4810-1730-4f65-bdb7-8f938fb51c80,dweirreq,lxjsxqa,3228595.0,17473000
bd5da217-2cfa-4cb8-98a2-ba8d35bce0d1,cogorunu,jvh,4384013.26,24053011
bf74d6f8-4df3-45e7-ab42-b7fd553d11d9,cmw,oalgtyv,2352325.7,12051450
bf88ff9c-b7b3-4b7c-bc5c-d3cd6add2fe3,wcuwtjnuf,andyoxo,1520741.22,8780046
bfd75a31-ea02-41e6-a6b3-c878c20079be,wdafer,vapswzxvmq,283233.69,1480999
bfeebb3c-8fce-4a9f-ba5b-e3833895556e,jymgneiui,tvogha,302116.4,1553360
c06d4e4d-6a9b-4f39-acc6-7dc869fc24a6,mrmf,theekku,253690.12,1685354
c0907c81-8f0d-40d4-a82a-57320f3b0836,kbfjchl,tvm,2846456.69,18117330
c10ea6b7-8fc5-4ecb-be7e-bfb80af6f6a9,uwmvqb,cjbqt,2987.52,11220
c1931352-64b2-4a9d-85ae-ca1818cb04a0,cvuudq,usagik,640902.57,3660604
c1fa225c-2611-4cfc-b628-ecf89096ec4d,hrbnibh,hgy,69266.0,423850
c2a024d9-f3f2-4aae-9728-384517f349dc,rgavzuphp,adyjuil,918479.0,5475240
c2c11e26-a827-4ef1-a20d-5e1ce3d9e7de,uyrhs,gwhi,1277763.48,7648326
c2d22513-0460-451c-bcaf-67f5904645a2,oczkh,acddkedt,1257586.9,6926777
c326c55b-4408-467d-99ce-86ef9a0c7f9d,xjtprm,zxigzxnb,489854.96,3322462
c469e4d8-7f7c-4909-9197-2ee6af92faa6,ffameiphwh,gzsiszmg,69732.39,269256
c4a46204-2cc0-4318-96e2-77fd962b2741,vri,jujfr,881951.84,4868968
c4d7ebda-9247-4255-bf74-4e405f01c61c,mvqsnpohxx,gnblmym,179891.28,964104
c514b2d9-775c-471e-8221-d401dc387f2e,cujsypnm,lagync,1334.76,8496
c51ebb11-6966-4ddc-92b6-a2f9fce75355,okmzn,rtpv,1514687.6,8091968
c5a7ed8a-bb60-44a4-b2b1-3d961ee5728c,ysx,frorurknzz,3108414.96,18404268
c5fbb7b2-adc6-4f5a-89a2-d52298fb0d6a,rxeyaxhfqb,ywzr,3230226.78,17072862
c634e2bd-5872-4f21-bcd0-ec715218c71f,wkfzbdv,lid,2394548.4,12301056
c6ffe986-bca4-4c81-9274-e83c4b034d49,jlkjrtmyh,gcjs,468321.0,2644850
c773167d-3016-4c19-b799-1a2818c055a7,pwhehcc,suikq,374732.34,2312388
c7afbf96-7431-4bd1-8b4a-c279f3d08a90,ouej,omet,685303.5,4086810
c8b27fa1-a3a3-4416-ade0-fd91ebcf4c6a,ozgzow,vqjdxxc,1717953.37,8801019
c8c4558a-7323-45da-9e27-2de72061d089,knzdam,ouahpnchg,1347379.6,8432868
c95a9f7a-f9b7-4da7-be60-3d51a38ccde9,xkwaiyx,vreadhu,102215.68,588048
c95bd339-595d-44c6-807f-8916954de9b0,knbzxyxsez,zyfx,2296050.38,13174434
ca35470c-b63f-4eb6-bc71-ae25b20d0e4d,uvyn,hkl,288847.2,1472580
caa717ef-eccc-4ffe-b0c5-9d50bc3f322a,ownrbabyz,hifxf,11198.4,44075
cbcba1bd-602e-42d0-b4d1-656f6b4456b0,jqpgzigdxr,gdrvebril,331807.5,2128626
cbce7058-544d-41b9-8573-5b544e2500a7,gespdmgp,jfmy,526940.1,2833608
cbdbb05e-3f12-4d40-9491-ce720652cec5,jgsifgqcgt,nfu,380733.21,2312761
cc8349b7-97fa-491a-834c-119bcc32c644,geu,mze,3437188.2,16516760
ccf009ba-ef9c-4c7d-a458-ecb9db88ad7c,tgxhnaxgd,ktrkktlkrw,816256.04,4400945
cd43a34b-865d-4272-8536-76436443e8ce,hoihiryub,cxxsb,1138299.26,6235936
cdce59e2-45f7-43de-8d2c-970718e1e9d7,ewlcbyvosp,szylhxyz,2139682.55,12357630
ce131630-24b5-4776-99c4-396d02f75541,ggswqpka,yawyaqhzvk,205112.64,1204457
ce599acf-c28f-4b39-9d78-e6c7991c00a8,gkrajlzvq,iigfyhy,1310503.28,7165449
cf2c4d4a-1c2d-4112-a658-9a442e5c7328,law,rxbggqv,320339.88,1695551
d0748b1a-73cc-4985-8443-0d9ac1715d80,mhyqwdanif,gsm,1986503.68,10139808
d0bedcff-2a94-4212-9357-1295e7eef8c0,iyqsvo,dxn,1060607.64,6672248
d1110a00-a542-4707-bb1c-1693512f13f8,anuyxskxhu,nbjbrka,660746.16,3973212
d14908b5-6457-4cc9-9b41-1ee1ff3db979,mrl,khtod,1733373.79,9926407
d16d0639-4dd6-49a7-a36e-713e4f1be5ae,keqgno,lahv,961835.9,5460780
d1cddb5f-9b71-45b4-bc14-4cbce3e83056,qwkgoaw,gljgqvtaug,394399.2,2629264
d1f97880-4dfa-4f41-b465-6ce72a328bca,kszig,igq,532621.32,3304794
d31aaa7f-a8b2-4b80-8a8b-a9b6e33ee75c,eqkl,hceqamt,371227.32,2228999
d35381fc-3f24-4fef-b5f6-17b98db3bba3,hwvuwok,osocwzgtn,789415.92,5151888
d353d7a4-1c0a-4c86-ad9a-97271925653c,licudjvj,lnh,210963.15,1255345
d39c3bc5-4d96-48ca-b5d2-513a534714e3,kzj,yrfswa,2072299.5,12340740
d3c094e7-cc48-4e85-9c6f-1b484c3a93ae,hjlzcr,fdkrkhqcp,463894.9,2460678
d444f0ec-3582-47da-98b7-f32d9b1723c0,uhngbozmd,wgs,2209560.31,12833153
d47ea0d8-7322-454c-943b-ad97f5a487fb,jar,awlr,2314159.67,11942658
d49b0647-5091-4225-9c14-cb07d355e498,kkcxcnggkh,jjrwgpvk,120531.24,644336
d569c1b4-2128-47e5-87ba-0727efb2be57,hweufx,ldnw,1383467.5,8765975
d5bc85e8-2719-4090-b067-cfa47cb8cb8b,yip,gyhucfvoli,748420.4,3612840
d5ffbeeb-f63e-46c1-8ad6-d01d153ed3e5,jlh,eul,392119.44,2276296
d688dc3b-7116-43e7-b5c4-12b078ddb0f0,jbfugcpnj,fwsxbbroy,1641530.4,9384363
d6ad6b1c-721a-4e90-93d3-5dab8c05b9c3,juzfz,oudge,537711.13,2693364
d7c4a097-e204-4489-a6dd-ed0c4c52593f,fec,jxzln,0,85481
d7ef9762-1fa7-4c00-a098-6dd6e2ff5db4,ovqe,mcebeg,134361.35,913495
d87503fa-974c-41b6-87bb-09701daa1f32,mnys,amjks,85550.4,484680
d9596711-b1fd-4615-bcf8-5bd4c1c92551,lrdukty,hpjlhx,3900356.1,21268309
da3845f7-82c4-4d1f-b909-166b7c302993,dnsvhvks,cgyteoa,1465864.58,8128038
dafd4b02-2ef8-4be2-a2ad-31acd734e9e4,zytm,dterbxgmgy,582732.63,2895332
db483297-6329-443b-880b-c98ba4062f11,fokib,bzfkmcxmet,77631.75,383340
db674cae-8ab3-4a16-8a96-39abb391a3b8,yrccsohsqn,qcecw,142725.0,699560
dc100cc3-e32b-47dc-9440-1f981029a4c6,ezhjxdm,qiycghqxw,993078.68,6266964
dc3e5fb5-b8ae-41a2-b9b1-e9f02da57d87,wrlrxu,rjh,3654404.41,20572281
dcc2bc71-517f-40fa-8d60-8b7687bae185,pjgmrk,xlxvjbhkk,370756.44,2589408
dcd9d599-1692-4feb-a8e1-0665afdcac51,gnwtwcp,ifjsjgyvnd,275151.2,1358043
de657125-3d71-423c-8616-7c7cfa7cba60,wypczwwau,bpmqu,499755.63,2967384
de6f1d43-c857-4714-a608-8f7f57d0cde7,lundk,bnzt,932495.29,5534802
de9a5487-3bb7-4127-a06b-211fcc8a7333,glsgt,smfnst,2465060.0,14585800
de9e8140-2223-43ac-8a67-d7d054b2e2d8,dnwvh,ezlklkemr,213433.68,841008
df70e452-b019-4664-bc13-20d7cceb2b39,smtmx,duqi,322561.52,2008424
df9a9744-7e95-4079-b703-cee70d88a5cd,rzipxegdbm,bisf,537461.21,3059715
e0337013-b297-4d20-82e8-e0535b6539a9,kkn,ppviutzar,263455.84,1441720
e0ab3fc0-a150-4a2d-852b-45104180ee82,utsgjrdjsq,hpxepyqyb,10365.66,57850
e0cd231c-ecf9-4452-b81b-052cacf8c6de,guzvcqppj,fzge,936432.0,4939760
e2cf0ba6-2039-4dcf-9c1c-580d71dd1847,vfcatq,phmhyendm,1459787.34,7807898
e2f02d2b-90aa-40be-a272-044d1dc574b6,jnuy,dwru,1148677.04,6378043
e33a7baf-d7b1-4a92-9b6e-d99db30a5658,mhqcraxmy,xylplu,1440483.84,8433928
e370c171-7df5-43e6-897b-2201d5d65815,wbs,qvsgjqp,1086316.45,6457845
e490a975-ee1c-4d9b-b745-30f2890ccefd,fjp,oiuzliv,813200.1,4519800
e5260c38-39c5-461e-a716-8369506e88c6,fbang,hzcnud,645862.8,4524025
e6866913-8e20-4707-b456-87af3646199b,luwz,qjuafneb,4405497.48,25552448
e6c888f2-7091-45a1-ae69-948150963500,vegkcjjc,ahfresh,3669660.0,19453350
e70074b1-58b0-4695-84b4-25334eb0deec,kacpn,unvw,1176827.21,6521229
e85ae760-dc0b-493b-83fb-c5fead89857a,zhksyvil,jqwb,2002346.64,11988666
e89308bf-f7a1-45b8-8831-45bbf4c222c6,iik,uleygfhs,364945.39,2238696
e96b4d3c-cf55-4a4f-ab9e-40580fcda1f4,ezmizfd,vqmixxbcs,900388.0,5535684
ea58f178-5ea5-4466-9073-35860bc4d0a3,bpzj,hheaula,284898.06,1663730
ee10228a-e8c9-4afe-9f3f-8e8a3ace78d5,zltpv,weaeep,367935.54,2280044
ee105daf-8452-4937-b118-ed3d86368f6b,yrfcqu,won,471990.88,2899248
ef8584e1-e000-48d3-bace-4278c7f238c0,hqedgsyue,ose,181243.75,1114725
efb59674-032a-47db-b65f-31c2401a32b4,jwbqebvq,yyqrjochp,1598801.4,9654400
f078d9f8-b725-4c1e-91bf-b699492150f1,jrdwnn,ydra,1250743.8,6643728
f09f9681-92b6-4ae2-b0e6-1cac235e8b8f,csv,chhic,1809696.8,11570650
f0c81918-7c81-4062-9eef-19a057a7c0fa,cdgppr,jrkbo,1577885.14,8403884
f1d7a61c-7a2e-4fea-b348-ee111936cfea,ogxfqsb,hcxrrwivm,1574159.82,8920922
f2925b38-17d8-4c97-ad32-d372dcb9c6e7,bbwgr,qhvxylzz,2324512.96,13060096
f2d5a13b-d7bd-413e-aa02-6090762cb123,mpfusuznw,oehvrzp,1224131.26,6789222
f31bb76b-4ebe-4590-90ba-f53d5de2df10,xeefnxmp,zmb,2172944.28,12981212
f3908f44-7e65-4af2-a8a0-69922509e8d6,uqblid,vnjz,1516132.4,7865220
f3aa7e14-f4ce-4874-8980-13e7a67e5815,sxq,xtvzz,246122.62,1518916
f4716d9f-1853-48c1-afe3-8429b1bb9aef,dywfnq,kqtk,282418.99,1687086
f4ce70b7-3077-403f-b9fb-3b6d4a4784de,witrpx,rwwk,732508.92,4553346
f5b9e6de-5723-4294-bc5b-0a5cd6335bb4,odm,kwtoeqvkf,282863.1,1707405
f5ddca34-3528-4ffc-97f2-7828899ac1c4,jupcjhzyg,yrvsqiz,1112683.6,6828410
f5e7b65c-1363-4093-ab9e-adb0b59f7a2a,fxmhxl,qdxug,3045979.2,16602960
f64f16f9-e2d6-445e-afcb-d4d70b8b181a,doandcmpz,jsxz,1199.5,13778
f6bfaf67-4312-42ba-a9a1-931033d7043d,lhwayrcjqu,xxxmaw,1519330.3,8323965
f788d933-2d7b-454c-a10c-9a893e330bdd,pxvxslmvei,ihylomn,114377.25,687904
f7f9c546-a32b-4e70-9f42-2c1e3b114efe,xalevs,jnbszix,2228356.0,13508589
f8043254-cee5-4a9e-830a-2d94e12f2d90,vkyz,ufah,2965279.66,17849898
f8937280-07cc-4f1c-9399-67cc23a7dc13,yqnlxw,ovzmteqksj,474401.88,3164420
f914f593-5a76-447d-a4cd-b992ec47f7ef,quuxvgams,hudbrkkz,2727135.18,14984889
faa9c79e-ef21-445f-9a09-e288b1ab1742,bjdlcoqo,hpcirhsjw,380998.64,1911393
fac1f5a9-caba-40b4-8ca6-5632c821b6af,zbsypw,fhhwflgpja,1910106.16,10046148
fb95fc0a-9a34-43bf-845a-e0ad96b29ac9,pcczmge,hqgkhn,700716.36,3889384
fbd0678d-6be4-45ff-8d23-df7fe23d888c,stelfdj,rtonqwwyz,114198.9,574120
fc38a970-0a04-453f-b912-050f4f0fa166,onztxz,pbythzdsv,882248.21,4765367
fc39eb9d-abd8-4ff1-a7eb-7d42d2afd443,swyunbjspn,imw,1580906.13,9180059
fc41b194-29a6-4504-b144-1dbf7f4df328,briqrtph,vpmv,315462.0,1877112
fcc419b4-c38e-474f-a077-d9aa69927657,cnvr,mdmrvx,13353.48,71229
fd3348d5-ede8-43cb-8bb5-c88a6d318a61,bsalcv,vyhnc,1618793.76,9126764
fddda14b-4eb0-4bd3-8de4-6ed503d9efc4,lyglelqn,mljytxy,1061592.28,6086114
ff03f211-dbc8-4e54-bd14-fdd7d127c2b0,jpyaqallcs,czbxjhl,1900106.78,11215497
ffd8ae39-ac06-420e-b3a1-d6ede8a12969,giogesl,zcahjk,2078151.99,11160259
ffe16cc4-e630-45be-8c34-f571c3a1a614,pxjfys,tvvdnnkyuy,130401.03,742662
ffe81ad6-fc51-4c0b-9e7d-1dddbe019313,myrfnt,efoeel,80592.45,430230
